{
    "page" : [
        {
            "htmlLinks" : "Channel_details_Lightbox.html"
        },
        {
            "htmlLinks" : "component.html"
        },
        {
            "htmlLinks" : "Cross-sell_Page_-_Service_cross-sell.html"
        },
        {
            "htmlLinks" : "global-nav.html"
        },
        {
            "htmlLinks" : "Internet_landing_components_2_4.html"
        },
        {
            "htmlLinks" : "Internet_Page_-_2.1_Landing.html"
        },
        {
            "htmlLinks" : "Internet_Page_-_2.1_Landing_Limited_Monthly_Usage.html"
        },
        {
            "htmlLinks" : "Internet_Page_-_2.2_Plan_information.html"
        },
        {
            "htmlLinks" : "Internet_Page_-_2.3_Usage_Information.html"
        },
        {
            "htmlLinks" : "My_channel_line_-_up_lightbox.html"
        },
        {
            "htmlLinks" : "Service_Page_-_1.10_Subscriber.html"
        },
        {
            "htmlLinks" : "Service_Page_-_1.10_Subscriber_FR.html"
        },
        {
            "htmlLinks" : "Service_Page_-_1.11_Support_sub_footer.html"
        },
        {
            "htmlLinks" : "Service_Page_-_1.12_Cancelled_account.html"
        },
        {
            "htmlLinks" : "Service_Page_-_1.1_Overview.html"
        },
        {
            "htmlLinks" : "Service_Page_-_1.1_Overview_FR.html"
        },
        {
            "htmlLinks" : "Service_Page_-_1.1_Overview_with_Personalization_Tiles.html"
        },
        {
            "htmlLinks" : "Service_Page_-_1.2_Menu.html"
        },
        {
            "htmlLinks" : "Service_Page_-_1.3_NBA_widget.html"
        },
        {
            "htmlLinks" : "Service_Page_-_1.4_Bill_Widget.html"
        },
        {
            "htmlLinks" : "Service_Page_-_1.5_Lightbox_use_cases.html"
        },
        {
            "htmlLinks" : "Service_Page_-_1.6_Pending_order_move.html"
        },
        {
            "htmlLinks" : "Service_Page_-_1.6_Pending_order_move_FR.html"
        },
        {
            "htmlLinks" : "Service_Page_-_1.7_Pending_order_new_installations.html"
        },
        {
            "htmlLinks" : "Service_Page_-_1.7_Pending_order_new_installations_FR.html"
        },
        {
            "htmlLinks" : "Service_Page_-_1.8_DAP_fails.html"
        },
        {
            "htmlLinks" : "Service_Page_-_1.8_DAP_fails_FR.html"
        },
        {
            "htmlLinks" : "Service_Page_-_1.9_Suspended_device.html"
        },
        {
            "htmlLinks" : "Service_Page_-_1.9_Suspended_device_FR.html"
        },
        {
            "htmlLinks" : "Service_Page_-_Apply_offer_LB.html"
        },
        {
            "htmlLinks" : "Service_Page_-_Top_DAP_zone_-_use_cases.html"
        },
        {
            "htmlLinks" : "TV_Page_-_3.1_TV_Landing.html"
        },
        {
            "htmlLinks" : "TV_Page_-_3.3_My_channels.html"
        },
        {
            "htmlLinks" : "TV_Page_-_3.3_My_channels_error.html"
        },
        {
            "htmlLinks" : "TV_Page_-_loader_use_cases.html"
        },
        {
            "htmlLinks" : "TV_Page_-_packages_use_cases.html"
        }
    ]
}

